dict-idx,long-text,short-text,WD-PID,phrase11,phrase12,phrase13,phrase21,phrase22,phrase23,sample1,sample2,sample3
0,/organization/organization/headquarters./location/mailing_address/state_province_region,headquarters state/province/region,P159,located in state/province/region.,located-in_state/province/region,/isLocatedIn,state_province_region,is headquartered in,/state_province_region,"['Earlham College', 'Indiana']","['Starbucks', 'Washington']","['Dark Horse Comics', 'Oregon']"
1,/education/educational_institution/colors,education institution official color,P6364,P4622,P4621,"P462	Color of educational institution",Colors of educational institutions.,/education/educational_institution/colors,/education/educational_institution/colors,"['Hofstra University', 'blue']","['Louisiana State University', 'purple']","['James Madison University', 'gold']"
2,/people/person/profession,occupation,P106,occupation,occupation,occupation.,profession of songwriter,"(person, profession, profession)",is an author.,"['Alan and Marilyn Bergman', 'songwriter']","['Jeph Loeb', 'writer']","['Alexander Payne', 'film producer']"
3,/film/film/costume_design_by,costume designer,P2515,costumeDesigner,costume_designer,costumeDesigner,costume design by,costume design by,/film/film/costume_design_by.,"['The Wolfman', 'Milena Canonero']","['Chungking Express', 'William Chang']","['Galaxy Quest', 'Albert Wolsky']"
4,/film/film/genre,film genre,P136,genre,genre.,genre,film genre,The genre of the film is...,"(film genre, drama)","['The Chronicles of Narnia: Prince Caspian', 'fantasy']","['Red Dragon', 'mystery fiction']","['Superman', 'science fiction']"
5,/celebrities/celebrity/celebrity_friends./celebrities/friendship/friend,friend,,P1771,friendship_of,friendOf,celebrity is friends with celebrity,celebrity_friends with.,celebrity friend,"['Eve', 'Gwen Stefani']","['Jennifer Aniston', 'Matt LeBlanc']","['Robert Mitchum', 'Laraine Day']"
6,/tv/tv_producer/programs_produced./tv/tv_producer_term/producer_type,tv producer type,,producedBy,/tv/producerType,producedByProducerType,The producer type is executive producer.,producer type,producer type,"['Ron Howard', 'executive producer']","['Peter Casey', 'executive producer']","['Danny Smith', 'executive producer']"
7,/film/film/executive_produced_by,executive producer,P1431,executiveProducedBy,executiveProducedBy,producedBy,executive produced by,Film executive produced by,film is executive produced by person,"['Iron Man', 'Jon Favreau']","['Cowboys & Aliens', 'Jon Favreau']","['Hereafter', 'Frank Marshall']"
8,/sports/sports_team/roster./basketball/basketball_roster_position/position,position played on baskteball team,,position_of,hasPosition,/sports/basketballPosition,/sports/sports_team/roster./basketball/basketball_roster_position/position,/basketball_roster_position/position,/sports/sports_team/roster./basketball/basketball_roster_position/position,"[""Minnesota Golden Gophers men's basketball"", 'swingman']","[""Wake Forest Demon Deacons men's basketball"", 'small forward']","[""Oklahoma Sooners men's basketball"", 'point guard']"
9,/award/award_nominee/award_nominations./award/award_nomination/nominated_for,nominated for work,P1411,nominatedFor,nominated_for,nominatedFor,nominated_for,nominated for,nominated_for,"['Parker Posey', 'For Your Consideration']","['Roy Scheider', 'All That Jazz']","['Mark Gatiss', 'Sherlock']"
10,/award/award_category/winners./award/award_honor/award_winner,award received by,P166,/wdt/P166,winner_of,/award/award_winner,award winner in award category,/award/award_category/winners./award/award_honor/award_winner,/award/award_category/winners./award/award_honor/award_winner,"['MTV Video Music Award for Best Visual Effects', 'Robbie Williams']","['Primetime Emmy Award for Outstanding Variety, Music or Comedy Series', 'Dave Goelz']","['Academy Award for Best Cinematography', 'Geoffrey Unsworth']"
11,/award/award_winner/awards_won./award/award_honor/award_winner,award shared with,P1706,P166.,/P166/award_winner,awardedTo,/award/award_winner/awards_won.,/award/award_winner/awards_won./award/award_honor/award_winner,award winner awards won award honor award winner,"['Clint Black', 'Joe Diffie']","['Nancy Marchand', 'Dominic Chianese']","['Nelsan Ellis', 'Anna Camp']"
12,/music/artist/origin,country of origin,P495,country or city of origin,instance/homeCity,place of origin,originated in,/music/artist/origin: Location of the artist's origin,Originating from,"['The Doors', 'Los Angeles']","['Stevie Nicks', 'Phoenix']","['Katy Perry', 'Santa Barbara']"
13,/food/food/nutrients./food/nutrition_fact/nutrient,nutrient,,P2868,P2868,P2868,nutrient in,nutrient zinc,"(avocado, nutrient, L-valine)","['avocado', 'DL-methionine']","['strawberries', 'magnesium']","['cheese', 'capric acid']"
14,/film/film/distributors./film/film_film_distributor_relationship/region,distribution region,,distributionRegion,distributionRegion,distributionRegion,film distributors region,film distributors in United Kingdom,film distributed in specific region,"['Bridesmaids', 'United Kingdom']","['Glee: The 3D Concert Movie', 'United Kingdom']","['Batman Begins', 'United Kingdom']"
15,/time/event/instance_of_recurring_event,instance of recurring event,P31,instanceOfRecurringEventOf,instanceOfRecurringEvent,/wdt:P31,recurring event in the series,recurring event of,recurring instance of event,"['66th Academy Awards', 'Academy Awards']","['82nd Academy Awards', 'Academy Awards']","['39th Academy Awards', 'Academy Awards']"
16,/sports/professional_sports_team/draft_picks./sports/sports_league_draft_pick/school,school of draft pick,,/sports/draft_pick_from_school/,P793:172773,/sports/draft_pick/school,drafted from,school of draft pick,The professional sports team draft picks from school.,"['Milwaukee Bucks', 'University of Utah']","['Philadelphia Eagles', 'University of Arkansas']","['New York Knicks', 'University of Florida']"
17,/film/film/language,language of film,P407,language spoken in,P3642,language spoken in (P:135),Language spoken in film,films are in English,Languages spoken in films.,"['Das Boot', 'English']","['Red Cliff', 'Standard Mandarin']","['Shark Tale', 'English']"
18,/location/statistical_region/places_exported_to./location/imports_and_exports/exported_to,exported to,,P725,exportsTo,exportedTo,/exports to,/exported_to,/exported_to,"['Germany', 'Afghanistan']","['Madagascar', 'France']","['Venezuela', 'United States of America']"
19,/music/group_member/membership./music/group_membership/group,member of musical group,P463,memberOf,P527,P527,is a member of,is a member of,/music/group_membership/group,"['Hayley Williams', 'Paramore']","['Brian Wilson', 'The Beach Boys']","['Jello Biafra', 'Pigface']"
20,/tv/tv_network/programs./tv/tv_network_duration/program,aired tv programs,P448_inv,/tv/networkProgram,/tv/program_network,/tv/program_on_network,TV network programs duration program.,/tv/tv_network/programs./tv/tv_network_duration/program,/tv/tv_network/programs./tv/tv_network_duration/program,"['CBS', 'Survivor']","['American Broadcasting Company', 'Loving']","['Star Plus', 'Indian Idol']"
21,/award/award_winning_work/awards_won./award/award_honor/award_winner,nominee of work,P2453,P166:winner,P166,P166,/award/award_winning_work/won_by,/award/award_winner,award winner,"['Sesame Street', 'Roy Scheider']","['From the Earth to the Moon', 'Ron Howard']","['The Pursuit of Happyness', 'Will Smith']"
22,/people/person/places_lived./people/place_lived/location,residence,P551,location/originated in,locationOf,residence location,/place_lived/location in British Columbia,Location of places where people lived.,/people/person/places_lived./people/place_lived/location.,"['Brian Drummond', 'British Columbia']","['Emma Stone', 'Phoenix']","['Jerry Orbach', 'Scranton']"
23,/travel/travel_destination/climate./travel/travel_destination_monthly_climate/month,touring months,,P710,P5852,P6377,monthly climate of a travel destination,/travel/travel_destination/monthly_climate,monthly climate in March at Dallas,"['Singapore', 'August']","['Singapore', 'December']","['Sydney', 'September']"
24,/broadcast/content/artist,artist in this broadcast,,artistOf,artist,artistInBroadcast,is the artist represented by,artists featured in broadcast content,artist featured on broadcast content.,"['KYMX', 'Aerosmith']","['KYMX', 'Elvis Presley']","['KYMX', 'Rob Thomas']"
25,/base/americancomedy/celebrity_impressionist/celebrities_impersonated,impersonated,,/impressionistCelebritiesImpersonated,impressionistOf,celebrityImpersonatedBy,celebrities impersonated,celebrities impersonated by celebrity impressionists,celebrities impersonated by American comedy celebrity impressionist,"['Eddie Murphy', 'Stevie Wonder']","['Phil Hartman', 'Frank Sinatra']","['Phil Hartman', 'Arnold Schwarzenegger']"
26,/base/popstra/celebrity/breakup./base/popstra/breakup/participant,breakup,,/breakupParticipant,P672,P6821,participant in celebrity breakup,Breakup participant.,participated in celebrity breakups,"['Justin Timberlake', 'Britney Spears']","['Colin Farrell', 'Demi Moore']","['Liv Tyler', 'Joaquin Phoenix']"
27,/organization/organization/place_founded,location of formation,P740,FoundedIn,foundedIn,locationFoundedBy,place founded in,/place_founded,organization founded in place,"['Tribune Media', 'Chicago']","['Tecmo', 'Torrance']","['JVCKenwood Victor Entertainment', 'Yokohama']"
28,/people/person/employment_history./business/employment_tenure/company,employer,P108,employmentTenureCompany,/work/employer,employmentTenureCompany,employment history at company,Employment History at Company,employment_history./business/employment_tenure/company,"['Clive Davis', 'Sony Music']","['Dan Schneider', 'Warner Bros.']","['Hal Holbrook', 'United States Army']"
29,/location/statistical_region/gdp_nominal_per_capita./measurement_unit/dated_money_value/currency,gdp nominal per capita currency,P38,P2139,gdpNominalPerCapitaCurrency,P2131,/gdp_nominal_per_capita currency US dollar,GDP per capita in United States dollar,GDP per capita measured in United States dollar.,"['Papua New Guinea', 'United States dollar']","['Antigua and Barbuda', 'United States dollar']","['Latvia', 'United States dollar']"
30,/people/person/place_of_birth,place of birth,P19,P19,placeOfBirth,instance of (P19),Born in,was born in,Place of birth of person.,"['Meshell Ndegeocello', 'Berlin']","['Billy Boyd', 'Glasgow']","['Mitchell Hurwitz', 'Anaheim']"
31,/location/location/contains,contains the administrative territorial entity,P150,hasContainedLocation,hasSubdivision,locatedIn,contains,contained by,contains,"['Lazio', 'Province of Rome']","['Arlington County', 'Arlington National Cemetery']","['Merseyside', 'Birkenhead']"
32,/base/popstra/celebrity/dated./base/popstra/dated/participant,dated,P451,P86,date_participant,/datedParticipant,dated.,dated participant,celebrity dated participant,"['Zooey Deschanel', 'Martin Freeman']","['Diana Ross', 'Warren Beatty']","['Reese Witherspoon', ""Chris O'Donnell""]"
33,/user/ktrueman/default_domain/international_organization/member_states,organization has members,P463_inv,hasMember,memberOf,"instance of (Organization for Economic Cooperation and Development, member states, Luxembourg)",is a member of,/member_states,/member_states,"['World Trade Organization', 'Nicaragua']","['World Trade Organization', 'Argentina']","['World Trade Organization', 'Cameroon']"
34,/government/legislative_session/members./government/government_position_held/legislative_sessions,legislative member overlap with,,/government/membership_of_legislative_session,/government/legislative_session/members-legislative_sessions,legislative_session/members/government_position_held_legislative_sessions,/government/government_position_held/legislative_sessions,/government/legislative_session/members.,/government/legislative_session/members.,"['109th United States Congress', '92nd United States Congress']","['88th United States Congress', '112th United States Congress']","['112th United States Congress', '105th United States Congress']"
35,/film/film/estimated_budget./measurement_unit/dated_money_value/currency,estimated budget currency,P38,estimatedBudgetCurrency,filmEstimatedBudgetCurrency,P2130,estimated budget in United States dollars,estimated budget in United States dollar,estimated budget in United States dollars,"['Days of Heaven', 'United States dollar']","['Contraband', 'United States dollar']","['Wag the Dog', 'United States dollar']"
36,/organization/non_profit_organization/registered_with./organization/non_profit_registration/registering_agency,registration agency,,registeredWithAgency,registeredWithRegisteringAgency,registered_with_registering_agency,Registered with IRS.,registered with registering agency,registered with registering agency Internal Revenue Service,"['Swarthmore College', 'Internal Revenue Service']","['New York Law School', 'Internal Revenue Service']","['California College of the Arts', 'Internal Revenue Service']"
37,/organization/organization/headquarters./location/mailing_address/country,headquarters country,P159,countryOfMailingAddress,countryOfHeadquarters,/P17,Headquarters located in United States of America.,The country is United States of America.,The headquarters mailing address country is United States of America.,"['Vassar College', 'United States of America']","['Hofstra University', 'United States of America']","['DePaul University', 'United States of America']"
38,/base/biblioness/bibs_location/country,country,P17,located in,countryLocatedIn,countryOf,countries of biblioness locations,is located in,biblioness located in country,"['Sheffield', 'England']","['Whanganui', 'New Zealand']","['Nassau', 'The Bahamas']"
39,/education/educational_institution/students_graduates./education/education/student,notable alumini,P69_inv,P802,P802 (student),P69/educated by,"/education/education/student in (University of North Carolina at Chapel Hill, James K. Polk)",students of,/students_graduates./student,"['University of North Carolina at Chapel Hill', 'James K. Polk']","['Indiana University', 'Robert Gates']","['Grinnell College', 'Peter Coyote']"
40,/music/group_member/membership./music/group_membership/role,instrument,P1303,P674,P5278,/music/role,played instrument,/membership role: keyboard instrument,/music/group_membership/role,"['George Duke', 'synthesizer']","['Mike Patton', 'synthesizer']","['Maurice Gibb', 'harmonica']"
41,/location/administrative_division/country,located in country,P131,located_in_country,countryOf,countryOf,is part of the country,"/country has administrative division of American Samoa, Dorset, Saxony-Anhalt, Manipur, Bali, Derby, Hamburg, Pomeranian Voivodeship, Maine, and East Sussex.",is in,"['Tbilisi', 'Georgia']","['Rhode Island', 'United States of America']","['Gifu Prefecture', 'Japan']"
42,/award/ranked_item/appears_in_ranked_lists./award/ranking/list,appears in ranked lists,,rankedListRankedItem,rankedInList,P793,appears in ranked lists,/appears_in National Film Registry,/award/ranking/list,"['University of Toronto', 'Times Higher Education World University Rankings']","['University of Utah', 'Times Higher Education World University Rankings']","['Kraft Foods Group', 'Fortune 500']"
43,/base/eating/practicer_of_diet/diet,dietary practice,P1576,diet practiced,practicerOfDiet,practicer_of_diet,practices diet,practices vegetarian diet,practices diet,"['Russell Brand', 'vegetarianism']","['Alanis Morissette', 'vegetarianism']","['Nastassja Kinski', 'vegetarianism']"
44,/film/special_film_performance_type/film_performance_type./film/performance/film,film with this special performance,,P6745,film_special_performance_type/film_performance_type_performance_film,P453,/special_film_performance_type/perform_in,special film performance type relations.,/film/special_film_performance_type/film_performance_type./film/performance/film,"['cameo appearance', 'The Muppet Movie']","['cameo appearance', 'The Life Aquatic with Steve Zissou']","['seiy??', 'Sailor Moon R: The Movie']"
45,/award/award_nominated_work/award_nominations./award/award_nomination/nominated_for,nomination shared with,P1706,nominatedFor,/p/nominated_for,P1686,nominated_for,nominated_for,nominated_for,"['Almost Famous', 'Wonder Boys']","['Basic Instinct', 'Shining Through']","['The Longest Yard', 'The Dukes of Hazzard']"
46,/film/director/film,director of,P57_inv,directorOf,directorOfFilm,instance of,/film/director/film,/film/director/film- relates a director to a film they directed.,/film/director/film,"['Ethan Coen', 'Burn After Reading']","['Sidney Lumet', 'Murder on the Orient Express']","['David Zucker', 'Scary Movie 3']"
47,/base/x2010fifaworldcupsouthafrica/world_cup_squad/current_world_cup_squad./base/x2010fifaworldcupsouthafrica/current_world_cup_squad/current_club,national team has member from clubs,,currentClubOf,currentClub,currentClub,current club,current_club,current club,"['North Korea national football team', 'Suwon Samsung Bluewings FC']","['Switzerland national association football team', 'SS Lazio']","['Serbia national football team', 'Borussia Dortmund']"
48,/olympics/olympic_games/participating_countries,participating countries,P710,participatingCountryOf,participantCountry,hasParticipatingCountry,participating countries in Olympic Games,participated in the Olympic Games,participating countries in Olympic Games,"['2008 Summer Olympics', 'Netherlands']","['2008 Summer Olympics', 'Thailand']","['1900 Summer Olympics', 'Spain']"
49,/music/performance_role/regular_performances./music/group_membership/role,instrument regularly plays alongside,P1706,/music/performance/regular_performances/group_role,/music/instrument/played_in_band_with,/music/performer/role,regularly performs as part of a group,regularly performs with,regularly performs as a member of a music group,"['guitar', 'cowbell']","['bass', 'tuba']","['violin', 'oboe']"
50,/music/artist/track_contributions./music/track_contribution/role,instrument played,P1303,instrument played,musicTrackContributionRole,hasRole,track contribution role.,track_contributions.role,music/track_contribution/role,"['Mike Mogis', 'vibraphone']","['Yann Tiersen', 'vibraphone']","['Serj Tankian', 'melodica']"
51,/base/aareas/schema/administrative_area/administrative_area_type,administrative area type,,,,,,,,,,
52,/film/film/distributors./film/film_film_distributor_relationship/film_distribution_medium,distribution format,P437,distributionMedium,filmDistributionMedium,hasDistributionMedium,film_distribution_medium,film_distribution_medium,film_distribution_medium,"['Grease', 'VHS']","['Holes', 'streaming media']","['Uwe Boll', 'streaming media']"
53,/olympics/olympic_games/sports,includes sports,P527,instance of,instance of sport in Olympic Games,wikidata:hasSport,Sports featured in Olympic Games,sports played in Olympic Games,Olympic games feature sports.,"['1980 Summer Olympics', 'show jumping']","['2002 Winter Olympics', 'biathlon']","['1988 Summer Olympics', 'canoe sprint']"
54,/soccer/football_team/current_roster./soccer/football_roster_position/position,position currently played on soccer team,,/soccer/roster_position,/soccer/roster_position,/soccer/roster_position,"football team's current roster position is for: forward, midfielder, goalkeeper, defender",current roster position.,position of player in current roster,"['Celtic F.C.', 'forward']","['Rotherham United F.C.', 'midfielder']","['SS Lazio', 'goalkeeper']"
55,/olympics/olympic_participating_country/athletes./olympics/olympic_athlete_affiliation/olympics,participated in olympics,P1344,/olympics/athlete_affiliation,olympicParticipatingCountryAthletesAffiliationOlympics,/olympics/athlete_affiliation,/olympics/olympic_participating_country/athletes./olympics/olympic_athlete_affiliation/olympics,/olympics/olympic_participating_country/athletes./olympics/olympic_athlete_affiliation/olympics,/olympics/athlete_affiliation,"['Spain', '1984 Winter Olympics']","['Australia', '2012 Summer Olympics']","['France', '2008 Summer Olympics']"
56,/military/military_combatant/military_conflicts./military/military_combatant_group/combatants,military conflicts with,P607,hasCombatants,hasCombatants,combatants???,/military_combatants /military_conflicts./combatants,combatants in military conflicts,combatants in military conflicts,"['Thailand', 'Empire of Japan']","['United Kingdom', 'British Raj']","['Canada', 'Belgium']"
57,/tv/tv_personality/tv_regular_appearances./tv/tv_regular_personal_appearance/program,regularly appeared on tv programs,,/tv/tv_regular_personal_appearance/program,/tv/personality/regularAppearancesInProgram,/tv/tv_regular_personal_appearance/program,(tv_regular_personal_appearance/program),tv_regular_appearance/program,/tv/tv_regular_personal_appearance/program,"['Diane Sawyer', 'Good Morning America']","['Shannen Doherty', 'Dancing with the Stars']","['Bill Hader', 'Saturday Night Live']"
58,/common/topic/webpage./common/webpage/category,webpage category,,,,,,,,,,
59,/music/genre/artists,notable musical genre artists,P136_inv,/musical_genre/has_artists,genreArtist,P674 --> Artist,/music/genre/artists,(artist belongs to genre),/artists in music genres,"['folk music', 'Norah Jones']","['rock and roll', 'The Mothers of Invention']","['rock music', 'James Brown']"
60,/film/film/featured_film_locations,filming location,P915,location of,location featured in,located_in,featured film locations of,featured_film_locations in The Terminal is New York City.,featured_film_locations in Dalian,"['EDtv', 'San Francisco']","['24: Redemption', 'Los Angeles']","['Big Daddy', 'New York City']"
61,/location/location/adjoin_s./location/adjoining_relationship/adjoins,shares border with,P47,adjoins,adjoins,adjoins,adjoins,adjoins,adjoins,"['Nova Scotia', 'Quebec']","['Park County', 'Teton County']","['Lake County', 'Cuyahoga County']"
62,/sports/sports_team/colors,sports team official color,P6364,hasTeamColors,P462:colorSchemes,P462:colorHexCode,colors of sports teams,Colors of sports teams,"The sports team colors are white, blue, white, cardinal, white, green, yellow, gray, black, and green.","['Hamburger SV', 'blue']","['Bolton Wanderers F.C.', 'white']","[""Wake Forest Demon Deacons men's basketball"", 'old gold']"
63,/tv/tv_program/program_creator,tv program creator,,hasCreator,creator.,creator,tv program program creator.,TV program creator,tv program creator,"['The Vampire Diaries', 'Kevin Williamson']","['The Challenge', 'Mary-Ellis Bunim']","['The Colbert Report', 'Jon Stewart']"
64,/business/business_operation/operating_income./measurement_unit/dated_money_value/currency,operating income currency,P38,P3031,P2130: USD,P777:currency,/business/business_operation/operating_income./measurement_unit/dated_money_value/currency,The currency for operating income is United States dollar.,/operating_income currency: United States dollar,"['Norwich University', 'United States dollar']","['Beloit College', 'United States dollar']","['Baylor University', 'United States dollar']"
65,/ice_hockey/hockey_team/current_roster./sports/sports_team_roster/position,position currently played on ice hockey team,,hasPosition,/ice_hockey/position,hasPosition,hockey_team/current_roster./sports/sports_team_roster/position,/current_roster./sports/sports_team_roster/position,hockey team roster position,"['Providence Bruins', 'centre']","['San Jose Sharks', 'centre']","['Oklahoma City Barons', 'centre']"
66,/film/film/prequel,followed by,P156,hasPrequel,instance of prequel (P1552),instance of (P31),/film/film/prequel,/film/film/prequel,is prequel to,"['Queen of the Damned', 'Interview with the Vampire']","['Jackass Number Two', 'Jackass: The Movie']","['Hannibal', 'Hannibal Rising']"
67,/organization/endowed_organization/endowment./measurement_unit/dated_money_value/currency,endowment currency,P38,/organization/endowed_organization/endowment_currency,P2130:USD,P2130: currency,/endowment currency,The endowment currency is in United States dollar.,currency of endowed organization's endowment,"['Southern Illinois University Carbondale', 'United States dollar']","['Stetson University', 'United States dollar']","['Brunel University London', 'pound sterling']"
68,/film/film_set_designer/film_sets_designed,designed film set,P4608_inv,filmSetDesignedBy,/film/film_set_designer/film_sets_designed,designedFilmSets,film film_set_designer film_sets_designed.,/film/film_set_designer/film_sets_designed,/film/film_set_designer/film_sets_designed,"['Ray Moyer', 'Sunset Boulevard']","['Henry Grace', 'North by Northwest']","['Paul S. Fox', 'South Pacific']"
69,/film/film/film_art_direction_by,film art direction by,P2554,P747,P745: art director,P745,film_art_direction_by,film_art_direction_by,Art direction by,"['On the Waterfront', 'Richard Day']","['Joan of Arc', 'Richard Day']","['Vertigo', 'Henry Bumstead']"
70,/language/human_language/countries_spoken_in,spoken in country,,instance of (P31),countrySpokenIn,countrySpokenIn,countries spoken in,spoken in_countries,spoken in,"['Dutch', 'Indonesia']","['Portuguese', 'Andorra']","['French', 'Monaco']"
71,/people/marriage_union_type/unions_of_this_type./people/marriage/location_of_ceremony,ceremony location,,locationOfCeremony,locationOfCeremony,locationOfCeremony,marriage location ceremony,Marriages took place at various locations.,Location of marriage ceremonies.,"['marriage', 'Los Angeles']","['marriage', 'Laguna Beach']","['marriage', 'Bellingham']"
72,/tv/tv_writer/tv_programs./tv/tv_program_writer_relationship/tv_program,screenwriter of,P58_inv,writerOf,writtenBy,writerOfWork,tv_programs_written_by_writer,TV Program Writer for,tv_program_writer_relationship.,"['Elizabeth Sarnoff', 'Deadwood']","['David Fury', 'Angel']","['John Swartzwelder', 'Saturday Night Live']"
73,/government/political_party/politicians_in_this_party./government/political_party_tenure/politician,has politician members,P102_inv,/government/political_party/politician,/political_party/member: Ronald Reagan,/government/political_party/politician,"(political party, members, politician)",/political_party/politicians_in_party_tenure,"(politician, belongs to, political party)","['Democratic Party', 'Grover Cleveland']","['Communist Party USA', 'Dalton Trumbo']","['Republican Party', 'Ron Paul']"
74,/sports/sports_team/roster./american_football/football_historical_roster_position/position_s,position historically played on football team,,/sports/football_position,/wdt/P794,hasPosition,positioned as,football historical roster position position s.,football historical roster position is wide receiver,"['Los Angeles Rams', 'placekicker']","['Omaha Nighthawks', 'lineman']","['Alabama Crimson Tide football', 'wide receiver']"
75,/film/film/release_date_s./film/film_regional_release_date/film_release_region,film release regions,,country of release date,/film/regional_release_region,/film/film_regional_release_date,regional release region,film release region,/film/film_regional_release_date/film_release_region,"['Mary and Max', 'France']","['The Lord of the Rings: The Two Towers', 'Czech Republic']","['The Song of Bernadette', 'Japan']"
76,/film/film/release_date_s./film/film_regional_release_date/film_regional_debut_venue,film regional debut venue,,/film/film/regional_debut_venue,/film/film/regional_debut_venue,/film/film/debut_venue.,film regional debut venue,has regional debut at,has regional debut venue at,"['America America', 'Madrid']","['Searching for Debra Winger', 'Cannes Film Festival']","['Elite Squad: The Enemy Within', 'Seattle']"
77,/award/award_winning_work/awards_won./award/award_honor/honored_for,awarded alongside,,wd:P166,P166 honoredfor,honoredFor,honored for,honored_for,honored_for,"['Rear Window', 'Dial M for Murder']","['Cobra', 'Lock Up']","['The Adventures of Pluto Nash', 'Imagine That']"
78,/location/capital_of_administrative_division/capital_of./location/administrative_division_capital_relationship/administrative_division,capital of,P1376,capitalOfAdminDiv.,capitalOfAdministrativeDivision,capitalOfAdminDiv,capital of administrative division,capital_of_administrative_division,/location/capital_of_administrative_division/capital_of.,"['Staunton', 'Augusta County']","['Bhopal', 'Madhya Pradesh']","['Fort Wayne', 'Allen County']"
79,/location/hud_foreclosure_area/estimated_number_of_mortgages./measurement_unit/dated_integer/source,mortage estimation source,,estimatedNumberofMortgagesSource,P854,P854,estimated number of mortgages sourced from United States Department of Housing and Urban Development,estimated number of mortgages.,/estimated_number_of_mortgages./measurement_unit/dated_integer/source,"['Jackson County', 'United States Department of Housing and Urban Development']","['Stearns County', 'United States Department of Housing and Urban Development']","['La Crosse', 'United States Department of Housing and Urban Development']"
80,/award/award_category/winners./award/award_honor/ceremony,part of award ceremony,,/award/award_honor/ceremony,/award/award_honor_ceremony,/award/award_honor_ceremony,Winners of award category ceremony,winners. ceremony,Winners received awards at a specific ceremony.,"['Primetime Emmy Award for Outstanding Supporting Actor in a Drama Series', '60th Primetime Emmy Awards']","['Grammy Award for Best Male Rock Vocal Performance', '1993 Grammy Awards']","['Grammy Award for Best Southern, Country or Bluegrass Gospel Album', '42nd Annual Grammy Awards']"
81,/people/person/languages,native language,P103,languageSpokenByPerson,/native_language/,language spoken by,People speak various languages.,people speaks languages.,/people/person/languages spoken,"['Selma Blair', 'English']","['Jennifer Jason Leigh', 'English']","['Michael Fassbender', 'English']"
82,/film/actor/film./film/performance/film,cast member of,P161_inv,P1619,/film/performance/film,P161:acted_in,Performed in film,/film/actor/film./film/performance/film.,"(actor, starred in, film)","['Jessica Biel', 'The A-Team']","['Peter Weller', 'Mighty Aphrodite']","['Daniel Craig', 'Casino Royale']"
83,/business/business_operation/revenue./measurement_unit/dated_money_value/currency,revenue currency,P38,P3068,P3063,P2130,The revenue measurement unit currency is United States dollar.,has revenue in currency,currency is United States dollar,"['University of San Francisco', 'United States dollar']","['Bryn Mawr College', 'United States dollar']","['Howard University', 'United States dollar']"
84,/base/petbreeds/city_with_dogs/top_breeds./base/petbreeds/dog_city_relationship/dog_breed,top dog breeds,,topBreedsCityDogBreed,/dogCityTopBreeds/breed,cityWithTopBreeds.dogBreed,/top_breeds./base/petbreeds/dog_city_relationship/dog_breed,/top_breeds./dog_breed,City's top dog breed,"['Knoxville', 'Yorkshire Terrier']","['Orlando', 'Bulldog']","['Long Beach', 'German Shepherd']"
85,/sports/sports_team_location/teams,sports teams headquatered here,P159_inv,teamLocation,location_teams,/sports/team_location,sports teams located in a specific location,/sports/sports_team_location/teams,/sports/sports_team_location/teams,"['Syracuse', 'Syracuse Crunch']","['Los Angeles', 'USC Trojans football']","['Boston', 'Boston Bruins']"
86,/film/film/music,composer,P86,filmScoreComposer,composer.,instance of (P31),The films have music composed by different artists.,/film/film/music,/film/film/music: Film has music composed by certain musician.,"['Live Free or Die Hard', 'Michael Kamen']","['Apollo 13', 'James Horner']","['Monsoon Wedding', 'Mychael Danna']"
87,/sports/professional_sports_team/draft_picks./sports/sports_league_draft_pick/draft,appears in draft picks,,draft_pick_for_team,draftPickOfLeague,drafted.year,drafted in,professional sports team draft pick draft,Drafted in: 2004 Major League Baseball draft,"['Minnesota Twins', '2007 Major League Baseball draft']","['San Antonio Spurs', '2003 NBA draft']","['Minnesota Twins', '1995 Major League Baseball draft']"
88,/education/educational_institution/students_graduates./education/education/major_field_of_study,academic discipline,P101,P106: major field of study,P5697,educationalMajorFieldOfStudy,/major_field_of_study,majoring in,Major field of study of students or graduates of an educational institution,"['Pennsylvania State University', 'fine art']","['New York University', 'mathematics']","['University of Louisiana at Lafayette', 'art']"
89,/people/ethnicity/geographic_distribution,geographic distribution,,geographicDistribution,located in,geographicDistributionOf,geographic distribution of people by ethnicity,geographic distribution of ethnic groups,geographic distribution,"['Lebanese Americans', 'Illinois']","['Overseas Chinese', 'Singapore']","['Filipino people', 'Hong Kong']"
90,/sports/sports_league/teams./sports/sports_league_participation/team,sports teams,P118_inv,/sports/leagueTeam,/sports/league/team??????,/sports/league/participating_team,participates in,/sports/sports_league_participation/team,teams participation in sports leagues,"['UEFA', 'Moldova national football team']","['EFL Championship', 'Bristol City F.C.']","['Serie A', 'Inter Milan']"
91,/education/educational_degree/people_with_this_degree./education/education/student,notable people with this academic degree,P512_inv,P69,instance of educational degree recipient,/P69,People with Bachelor of Science degree include Donald Sutherland,People who studied for a bachelor's degree include Reese Witherspoon.,people with bachelor's degree from education degree student,"['Bachelor of Science', 'Donald Sutherland']","['Bachelor of Arts', 'Barack Obama']","[""bachelor's degree"", 'Alex Gibney']"
92,/government/politician/government_positions_held./government/government_position_held/jurisdiction_of_office,applies to jurisdiction,P1001,instance/jurisdiction,countryOfOffice,jurisdictionOfOffice,jurisdiction_of_office.,jurisdiction_of_office,jurisdiction of office,"['Donaldus Milford Payne', 'Essex County']","['William Howard Taft', 'Philippines']","['Joseph Stalin', 'Soviet Union']"
93,/base/aareas/schema/administrative_area/capital,area capital,P36,P36,capital of,capitalOf,capital of aareas,capital city,Capital city of administrative area,"['Essex', 'Chelmsford']","['Queensland', 'Brisbane']","['Manitoba', 'Winnipeg']"
94,/film/film/film_production_design_by,film production designer,P2554,filmProductionDesignBy,filmProductionDesignBy,P178Production designer,film_production_design_by,/film/film_production_design_by,film production design by,"['The Last Station', 'Patrizia von Brandenstein']","['In the Mood for Love', 'William Chang']","['Robots', 'William Joyce']"
95,/user/jg/default_domain/olympic_games/sports,include sports,P527,instance of Olympic Games sport,P921,Olympic sport,sports played at Olympic Games,sports played at Olympic Games,sports played in Olympic Games,"['2002 Winter Olympics', 'snowboarding']","['1948 Winter Olympics', 'speed skating']","['1928 Summer Olympics', 'Greco-Roman wrestling']"
96,/award/award_category/category_of,awards group,P361,instance of,awardCategoryOf,instance/instance_of,/category_of Grammy Awards,category of,category_of Grammy Awards,"['Grammy Award for Best Traditional Gospel Album', 'Grammy Awards']","['Grammy Award for Best Pop Performance by a Duo or Group with Vocals', 'Grammy Awards']","['Primetime Emmy Award for Outstanding Writing for a Comedy Series', 'Primetime Emmy Award']"
97,/education/educational_institution/school_type,type of education institution,P31,instance of school type,instance of school type,instance of school type,"school_type is public university, college, high school, research, or land-grant university.",school type,school type,"['University of Toledo', 'public university']","['Black Mountain College', 'college']","['University of Louisiana at Monroe', 'public university']"
98,/sports/sports_team/roster./baseball/baseball_roster_position/position,position played on baseball team,,position_received_by_team,positionInTeam,position_in_baseball_roster,/sports/baseball_position played by.,"/baseball rosters consist of players in positions such as pitcher, center fielder, second baseman, catcher, and outfielder.",/baseball/baseball_roster_position/position,"['Los Angeles Dodgers', 'outfielder']","['Los Angeles Dodgers', 'infielder']","['San Francisco Giants', 'first baseman']"
99,/tv/tv_producer/programs_produced./tv/tv_producer_term/program,producer of,P162,producesTVProgram,producedTvProgram,producedProgram,produces the program,produces the program,produced program,"['Tim Minear', 'American Horror Story']","['David Milch', 'Hill Street Blues']","['Ben Silverman', 'Ugly Betty']"
100,/location/us_county/county_seat,county seat,Q62049,HasCountySeat,locatedInSeatOf,P31: P1384,county_seat of Portsmouth is Portsmouth,County seat of a US county,county seat is in,"['Portsmouth', 'Portsmouth']","['Lexington', 'Lexington']","['Shelby County', 'Memphis']"
101,/education/university/fraternities_and_sororities,fraternities and sororities,,/fraternities_and_sororities,/fraternities_sororities,fraternitiesAndSororities,Fraternities and Sororities at University of North Carolina at Charlotte: Alpha Delta Pi,/fraternities_and_sororities at universities,/fraternities_and_sororities in universities,"['Northern Illinois University', 'Alpha Delta Pi']","['University of Toledo', 'Alpha Sigma Phi']","['Eastern Michigan University', 'Alpha Sigma Phi']"
102,/film/film/other_crew./film/film_crew_gig/crewmember,film crewmember,P3092,/film/film_crew_member,/film/crewmember,/film/crewmember,Other crew member of film crew gig,Film crew member,Other crew member worked on film.,"['The Pursuit of Happyness', 'Willie D. Burton']","['Eragon', 'Randy Thom']","['Star Wars: Episode IV ?€? A New Hope', 'Rick Baker']"
103,/military/military_conflict/combatants./military/military_combatant_group/combatants,military participant,P710,P710: military combatant group combatants,P527: Kingdom of Bulgaria,/military/combatant,combatants.,Combatants of military conflict.,Combatants in military conflict of military combatant group,"['Gulf War', 'Saudi Arabia']","['Second Sino-Japanese War', 'Soviet Union']","['Operation Barbarossa', 'Kingdom of Romania']"
104,/base/popstra/celebrity/canoodled./base/popstra/canoodled/participant,canoodled,,canoodledWith,canoodledParticipant,canoodled participant,celebrity canoodled participant,celebrity canoodled participant,celebrity canoodled participant.,"['Bette Davis', 'Anatole Litvak']","['Mary-Kate Olsen', 'Jonah Hill']","['Joel Madden', 'Lindsay Lohan']"
105,/education/educational_degree/people_with_this_degree./education/education/institution,insitutions offering this academic degree,,degree_institution_of,"P166	(P166)",instance of educational institution_degree,People with this degree studied at this institution.,People with this degree attended this institution.,People with Bachelor of Arts degrees from the University of Hong Kong.,"[""master's degree"", 'Queens College']","['Master of Science', 'University of California, Los Angeles']","['Doctor of Philosophy', 'University of Florida']"
106,/organization/organization/child./organization/organization_relationship/child,owner of,P1830,childOrganization,childOrganizationOf,childOrganization,child organization,child.,/organization/organization/child.,"['University of Cambridge', ""St John's College""]","['Australian Broadcasting Corporation', 'ABC']","['Viacom', 'Nickelodeon']"
107,/travel/travel_destination/how_to_get_here./travel/transportation/mode_of_transportation,touring transporation,,/travel/transportation/mode of transportation,/travel/transportation/mode of transportation,P5109,/how_to_get_here./travel/transportation/mode_of_transportation,/how_to_get_here./travel/transportation/mode_of_transportation,mode of transportation for travel destination,"['Buffalo', 'bus']","['Dallas', 'bus']","['Toronto', 'air travel']"
108,/award/award_category/nominees./award/award_nomination/nominated_for,nomination,P166,nominee for,nominatedFor,/award/nominated_for,/nominated_for,nominated_for,nominated_for,"['Writers Guild of America Award for Best Original Screenplay', 'Milk']","['Golden Raspberry Award for Worst Picture', 'Waterworld']","['National Society of Film Critics Award for Best Supporting Actress', 'Short Cuts']"
109,/medicine/symptom/symptom_of,symptons and signs,P780,SymptomOf,symptomOf,hasSymptom,symptom of,symptom_of,Symptom of disease,"['fatigue', ""Crohn's disease""]","['anorexia', 'peritonitis']","['dyspnea', 'peritonitis']"
110,/people/ethnicity/people,notable people of this ethnicity,P3342,ethnicity.,ethnicity:people,ethnicity_of,/people/ethnicity/people describes the ethnicity of a person.,ethnicity of people,/people/ethnicity/people,"['Jewish people', 'Debi Mazar']","['Russian Americans', 'Liv Tyler']","['Jewish people', 'Mark Ronson']"
111,/film/film/other_crew./film/film_crew_gig/film_crew_role,film crew role,P3831,/film/crew_role,filmCrewRoleOf,P921,film_crew_role,film's crew member has the role of...,crew role,"['The Longest Yard', 'visual effects supervisor']","['Lara Croft: Tomb Raider ?€? The Cradle of Life', 'graphic designer']","['Funny People', 'set dresser']"
112,/government/governmental_body/members./government/government_position_held/legislative_sessions,legislative sessions,P361?,P463: legislative_sessions,legislative_session,legislative_session,/government/governmental_body/members./government/government_position_held/legislative_sessions,legislative sessions of,/government/governmental_body/members./government/government_position_held/legislative_sessions,"['United States House of Representatives', '13th United States Congress']","['United States House of Representatives', '30th United States Congress']","['United States House of Representatives', '97th United States Congress']"
113,/business/business_operation/industry,industry,P452,industry_of,industry,industry,belongs to industry,belongs to industry,industry of photography,"['Konami', 'video game industry']","['MicroProse', 'video game']","['Media Asia Entertainment Group', 'entertainment']"
114,/film/film/country,film country of origin,P495,country of production,countryOfOrigin,countryOfOrigin,/film/film/country - produced in,The film is from the specified country.,/film/film/country is set in.,"['Memento', 'United States of America']","['MASH', 'United States of America']","['Thoroughly Modern Millie', 'United States of America']"
115,/people/profession/specialization_of,specialization,P101,instance of profession,occupation.,instance of profession,specializes in,specialization_of,specializes in,"['association football coach', 'management']","['session musician', 'musician']","['judge', 'official']"
116,/location/hud_county_place/place,county place,P131,Located in County,instance of (P31),Located in,(location/hud_county_place/place),/location/hud_county_place/place,County place located in Fremont.,"['Danbury', 'Danbury']","['Sacramento', 'Sacramento']","['Louisville', 'Louisville']"
117,/organization/role/leaders./organization/leadership/organization,organizations with this leadership,,leadership.organization,/leadership/president_of,leadership_organization,Leadership organization of [subject] is [object].,organization leadership leader of,organization has leaders in the role/position of /organization/leadership/organization.,"['rector', 'Lund University']","['chief executive officer', 'Sunderland A.F.C.']","['president', 'Valparaiso University']"
118,/music/instrument/instrumentalists,notable people playing this instrument,P1303_inv,instrumentalists,/music/instrument/instrumentalist,instrumentalistPlaying,Instrumentalists who play the fiddle include Hal Smith,instrumentalists played instruments,Musicians play instruments.,"['fiddle', 'Hal Smith']","['piano', 'Jim Steinman']","['flute', 'David Byrne']"
119,/time/event/locations,location of event,P276,P1080,located in,located_in,/events/occurred_at/Armenia,took place in,(Time/event/locations) in (location) during the (event),"['Russian Civil War', 'Armenia']","[""1988 NCAA Division I men's basketball tournament"", 'Pontiac']","[""1996 NCAA Division I men's basketball tournament"", 'Milwaukee']"
120,/film/film/produced_by,film producer,P162,producedBy,producedBy,produced by,/film/film/produced_by,produced by,produced_by,"['Men in Black', 'Walter F. Parkes']","['Johnny English Reborn', 'Tim Bevan']","[""The Hitchhiker's Guide to the Galaxy"", 'Roger Birnbaum']"
121,/music/performance_role/track_performances./music/track_contribution/role,instrument plays alongside,,/music/track_contribution/role,/music/track_contribution/role,/performance_role/trackContributionRole,track performance role in contributing to music performance.,track performance role.,track_performances./music/track_contribution/role,"['string', 'guitar']","['electric guitar', 'glockenspiel']","['Hammond organ', 'double bass']"
122,/film/film/runtime./film/film_cut/film_release_region,film release region,P495,country of release,filmReleaseRegion,hasReleaseRegion,/film/film_cut/film_release_region.,/film/film/country,/film/film/release_region.,"['Get Low', 'United States of America']","['A Simple Life', 'Hong Kong']","[""Legend of the Guardians: The Owls of Ga'Hoole"", 'United States of America']"
123,/olympics/olympic_sport/athletes./olympics/olympic_athlete_affiliation/country,countries playing this sport,,countryAffiliation,countryOfOlympicAthlete,athletesCountryOfOrigin,represents the country of,represents country,Represents athlete's country,"['badminton', 'Russia']","['boxing', 'Sri Lanka']","['table tennis', 'Germany']"
124,/tv/tv_program/regular_cast./tv/regular_tv_appearance/actor,tv program cast member,P161,P161_acted_in,castActor,/tv/regular_tv_appearance/actor,regular_casts actors in regular tv appearances.,regular cast actor in tv program,regular_cast appearance by actor,"['The Penguins of Madagascar', 'Kevin Michael Richardson']","['Michael Jackson: 30th Anniversary Celebration', 'Janet Leigh']","[""Gulliver's Travels"", 'Edward Fox']"
125,/award/award_nominee/award_nominations./award/award_nomination/award,award received,P166,P166,P1252,P1686,/award/award_nominee/award_nominations./award/award_nomination/award,Award received by.,award_nomination for,"['Jenny McCarthy', 'Golden Raspberry Award for Worst Actress']","['Dolly Parton', 'Grammy Award for Best Country Song']","['Tim Bevan', 'Academy Award for Best Picture']"
126,/people/person/spouse_s./people/marriage/type_of_union,marital status,,marriage_union,hasMarriageType,marriedTo,type_of_union is marriage.,type of union: marriage,marriage relationships,"['Herbie Hancock', 'marriage']","['Orson Welles', 'domestic partnership']","['Mahesh Bhatt', 'marriage']"
127,/film/actor/dubbing_performances./film/dubbing_performance/language,languages dubbing,P1412,dubbing_language,/film/dubbing_language,P3647,/film/actor/dubbing_performances./film/dubbing_performance/language English,dubbed in English,dubbing performances in English,"['Hilary Haag', 'English']","['Mark Strong', 'English']","['Bryan Cranston', 'English']"
128,/sports/sports_position/players./sports/sports_team_roster/team,sports teams with this position,,hasTeam,teamMemberOf,hasTeam,team roster,players on team,/sports/sports_team_roster/team,"['midfielder', 'Real Valladolid']","['catcher', 'San Diego Padres']","['outfielder', 'Oakland Athletics']"
129,/award/award_ceremony/awards_presented./award/award_honor/honored_for,award winning works,P1346,honoredFor,/wdt:P180,/award/honored_for,honored for,honored for,honored_for,"['65th British Academy Film Awards', 'The Iron Lady']","['77th Academy Awards', 'The Aviator']","['Satellite Awards 2006', 'Ugly Betty']"
130,/sports/sports_team/sport,sport,P641,instance of (P31),sport played by,instance of sport,/sports/sports_team/sport,association football,/sports/sports_team/sport,"['England cricket team', 'cricket']","['Bristol City F.C.', 'association football']","['Barnsley F.C.', 'association football']"
131,/tv/tv_program/country_of_origin,tv program country of origin,P495,countryOfOrigin,countryOfOrigin,instanceOfCountry,is produced in,country_of_origin of TV programs,originates from,"['Picket Fences', 'United States of America']","['Damages', 'United States of America']","['Curb Your Enthusiasm', 'United States of America']"
132,/award/award_category/disciplines_or_subjects,category,,/award_category_subject,/award/discipline,P921,disciplines_or_subjects of award_category,award category disciplines_or_subjects,awarded for being in the category of,"[""Governor General's Award for English-language non-fiction"", 'non-fiction']","['World Fantasy Award for Best Novella', 'short story']","['Hong Kong Film Award for Best Cinematography', 'film']"
133,/base/popstra/celebrity/friendship./base/popstra/friendship/participant,friendship,,friendship participant,P2868,friendshipParticipant,friendship participant,friendship participant,Friendship participant,"['Eminem', 'Jonah Hill']","['Tina Fey', 'Amy Poehler']","['Goldie Hawn', 'Sally Field']"
134,/people/ethnicity/languages_spoken,"languages spoken, written or signed",P1412,ethnicity:languages_spoken,languagesSpokenBy,ethnicGroupLanguageSpokenBy,languages_spoken by ethnicities,spoken languages of ethnicity's people,spoken languages,"['Greek Americans', 'American English']","['Dutch', 'English']","['Haudenosaunee', 'French']"
135,/tv/tv_program/genre,tv program genre,P136,genre,"genre (NYPD Blue, police procedural)",instance of genre,TV program genre,/tv/tv_program/genre,genre of a TV program,"['Sonic X', 'comedy film']","['Phineas and Ferb', 'animation']","['The Boondocks', 'satire']"
136,/education/educational_degree/people_with_this_degree./education/education/major_field_of_study,conferred by,P1027,/education/major_field_of_study,/education/major_field_of_study,/education/major_field_of_study,people with this degree studied major field of study,/people_with_this_degree./education/education/major_field_of_study,People with this degree studied...,"['Master of Fine Arts', 'television']","['Bachelor of Science', 'engineering']","[""master's degree"", 'computer science']"
137,/people/person/sibling_s./people/sibling_relationship/sibling,sibling,P3373,sibling.,siblingOf,siblingOf,has sibling,sibling of,has sibling,"['Sean Penn', 'Chris Penn']","['Raj Kapoor', 'Shammi Kapoor']","['Joely Richardson', 'Natasha Richardson']"
138,/business/business_operation/assets./measurement_unit/dated_money_value/currency,assets currency,P38,P3063,P1279,currencyCode,/business/business_operation/assets./measurement_unit/dated_money_value/currency,"/assets./measurement_unit/dated_money_value/currency, United States dollar",/business/business_operation/assets./measurement_unit/dated_money_value/currency,"['La Salle University', 'United States dollar']","['Graham Holdings Company', 'United States dollar']","['Lehigh University', 'United States dollar']"
139,/olympics/olympic_games/medals_awarded./olympics/olympic_medal_honor/medal,medal awarded,P4622,medal_awarded,P168: medal,instance of medal in,winning a medal in the Olympic Games,Olympic games medals awarded Olympic medal honor medal,Olympic Games Medal Awarded Honor,"['1900 Summer Olympics', 'gold medal']","['1904 Summer Olympics', 'gold medal']","['1912 Summer Olympics', 'gold medal']"
140,/film/film/edited_by,film editor,P1040,director,filmEditedBy,hasEditor,edited by,Film edited by Danilo Donati,"Film edited by: Michael Kahn, Chris Lebenzon, Joel Coen, Ethan Coen","['The Last Airbender', 'Conrad Buff IV']","['Terminator Salvation', 'Conrad Buff IV']","['Ed Wood', 'Chris Lebenzon']"
141,/film/actor/film./film/performance/special_performance_type,special film performance,,instance of special performance type,instance of cameo_appearance,hasSpecialPerformanceType,special performance type,special_performance_type cameo appearance,special_performance_type cameo appearance,"['Maaya Sakamoto', 'seiy??']","['Goldie Hawn', 'cameo appearance']","['Kathy Griffin', 'cameo appearance']"
142,/education/educational_institution_campus/educational_institution,campus of,P527,/educational_institution campus,/educational_institution/ campus,/is_campus_of,/education/educational_institution_campus/educational_institution,educational_institution_campus,/education/educational_institution,"['University of California, Berkeley', 'University of California, Berkeley']","['Concordia University', 'Concordia University']","['London School of Economics and Political Science', 'London School of Economics and Political Science']"
143,/film/film/written_by,film written by,P58,hasWriter,author of,writtenBy,was written by,/film/film/written_by - movie written by a particular writer,film written by,"['Pinocchio', 'Roberto Benigni']","['The Cat in the Hat', 'David Mandel']","['Richard III', 'Laurence Olivier']"
144,/sports/sports_position/players./sports/sports_team_roster/position,roster position,,hasPosition,/sports/position/rosterPosition,/sports/positionOnTeam,/sports/sports_position/players./sports/sports_team_roster/position,/sports/position/players./sports/team_roster/position,players play position,"['small forward', 'shooting guard']","['placekicker', 'punter']","['halfback', 'kickoff returner']"
145,/base/schemastaging/organization_extra/phone_number./base/schemastaging/phone_sandbox/service_location,phone service location,,phoneLocationCountryOfService,phoneLocationOf,locationCountry,phone number location in different countries,phone_number service location.,phone number service location.,"['CNN', 'United States of America']","['Avid Technology', 'Middle East']","['New York University', 'United States of America']"
146,/film/film/personal_appearances./film/personal_film_appearance/person,film cast member,P161,personal_appearance/perso,/personalFilmAppearancePerson,film:personalFilmAppearancePerson,/film/film/personal_appearances/person,personal appearances/personal film appearance/person.,/personal_film_appearance/person,"['George Harrison: Living in the Material World', 'Paul McCartney']","['Live Free or Die Hard', 'George W. Bush']","['The Other Guys', 'Brooke Shields']"
147,/user/tsegaran/random/taxonomy_subject/entry./user/tsegaran/random/taxonomy_entry/taxonomy,taxonomy entry of,,instance of Library of Congress Classification,instance of,taxonomic_classification_of,taxonomy in Library of Congress Classification,taxonomy relates to Library of Congress Classification.,taxonomy_subject/entry./user/tsegaran/random/taxonomy_entry/taxonomy,"['Mississippi', 'Library of Congress Classification']","['Jainism', 'Library of Congress Classification']","['19th century', 'Library of Congress Classification']"
148,/people/person/gender,sex or gender,P21,gender (P21),gender (Q6581097),gender (instance of) organism (qualifier),gender of person is male/female,"(person, gender, organism)","gender male, gender male, gender female, gender male, gender male, gender female, gender male, gender male, gender male, gender male","['Isaac Asimov', 'male organism']","['Alan Parsons', 'male organism']","['Mike Bryan', 'male organism']"
149,/people/deceased_person/place_of_death,place of death,P20,place_of_death,place_of_death,/place/of/death,deceased_person/place_of_death,Place of death.,/place_of_death,"['Henri Matisse', 'Nice']","['Elliott Smith', 'Los Angeles']","['Pete Postlethwaite', 'Shrewsbury']"
150,/location/statistical_region/rent50_2./measurement_unit/dated_money_value/currency,rent currency,P38,P2954,P1087,statistical_region_rent50_2_currency,rent50_2 currency is United States dollar,/rent50_2./measurement_unit/dated_money_value/currency,rent in United States dollar,"['Butler County', 'United States dollar']","['Jefferson County', 'United States dollar']","['Alexandria', 'United States dollar']"
151,/music/performance_role/guest_performances./music/recording_contribution/performance_role,musical role performed by,,/performance_instrument,/performance_role/performed_with,/musicalContribution/PguestGuestContributionPperformancerole,performing as a guest artist in a recording,guest performances recording contribution performance role,/guest_performances./recording_contribution.,"['programming', 'bongo drum']","['percussion instrument', 'djembe']","['guitar', 'electric guitar']"
152,/olympics/olympic_participating_country/medals_won./olympics/olympic_medal_honor/medal,medal won,,medalWon,/olympics/medalWon,/olympics/olympic_participating_country/medals_won/medal,medal,/olympics/olympic_medal_honor/medal,medal,"['Zimbabwe', 'gold medal']","['Austria', 'bronze medal']","[""People's Republic of China"", 'bronze medal']"
153,/dataworld/gardening_hint/split_to,split to,,hasSplitTo,instance of,"""P569""",split_to,split_to,split into,"['baritone saxophone', 'saxophone']","['bassist', 'bass guitar']","['University of Cincinnati', 'Cincinnati Bearcats football']"
154,/location/country/capital,capital,P36,capital of,capital_of,capitalOf,Capital city of a country.,Capital of a country,Country's capital.,"['North Korea', 'Pyongyang']","['Afghanistan', 'Kabul']","['Bangladesh', 'Dhaka']"
155,/award/award_winning_work/awards_won./award/award_honor/award,award won,P166,P166 /award/award_honor/award,P166,P166,/award/award_honor/award,award_winning_work/awards_won./award/award_honor/award,/award/award_won/award,"['Miracle on 34th Street', 'Academy Award for Best Writing, Adapted Screenplay']","['Ordinary People', 'New York Film Critics Circle Award for Best Film']","['Eastern Promises', 'Genie Award for Best Achievement in Sound Editing']"
156,/tv/tv_program/tv_producer./tv/tv_producer_term/producer_type,tv program producer type,,tv:producerType,executiveProducerOf,executiveProducerOf,is produced by,/TV Producer Type: Executive Producer,TV producer type is executive producer.,"['Boston Legal', 'executive producer']","['Heroes', 'executive producer']","['Another World', 'executive producer']"
157,/base/biblioness/bibs_location/state,located in state,P131,Located in,stateLocatedIn,located in,Located in.,state of,is located in,"['Peterborough', 'Ontario']","['Springfield', 'Massachusetts']","['Basingstoke', 'Hampshire']"
158,/influence/influence_node/peers./influence/peer_relationship/peers,peers,,/influence/peer.,P6252,/influence/peer,peers.,peers.,peers of,"['David Hume', 'Benjamin Franklin']","['Nina Simone', 'James Baldwin']","['Yoko Ono', 'John Lennon']"
159,/film/film/story_by,film story by,P58,writtenBy,writtenBy,written by,story_by,story by,film story by,"['Spider-Man', 'Steve Ditko']","['2010: The Year We Make Contact', 'Arthur C. Clarke']","['Thor', 'Jack Kirby']"
160,/location/administrative_division/first_level_division_of,located in,P131,country,country,instance of administrative division in,/first_level_division_of is a division of.,/location/administrative_division/first_level_division_of,is first level division of,"['Kansas', 'United States of America']","['Marche', 'Italy']","['Glasgow', 'Scotland']"
161,/baseball/baseball_team/team_stats./baseball/baseball_team_stats/season,participated in baseball season,P1923_inv,seasonOfYear,seasonPlayedIn,seasonPlayedByTeam,/baseball_team/team_stats./baseball/baseball_team_stats/season,/baseball/baseball_team/team_stats./baseball/baseball_team_stats/season,Team stats for the specified season.,"['Cincinnati Reds', '2007 Major League Baseball season']","['Baltimore Orioles', '2004 Major League Baseball season']","['Detroit Tigers', '2000 Major League Baseball season']"
162,/award/hall_of_fame/inductees./award/hall_of_fame_induction/inductee,hall of fame inductee,P166_inv,inductee,inductedIntoHallOfFame,P251 inducted into Hall of Fame,/award/hall_of_fame/inductees,Inducted into hall of fame.,inductee inducted to hall of fame,"['Rock and Roll Hall of Fame', 'John Lee Hooker']","['Rock and Roll Hall of Fame', 'Eric Clapton']","['Rock and Roll Hall of Fame', 'Billie Holiday']"
163,/sports/sports_team/roster./american_football/football_roster_position/position,position played on football team,,americanFootballPosition,/sports/football_position,position.,roster position,roster position,American football roster position.,"['Pittsburgh Steelers', 'safety']","['Los Angeles Rams', 'tight end']","['Dallas Cowboys', 'quarterback']"
164,/base/schemastaging/organization_extra/phone_number./base/schemastaging/phone_sandbox/service_language,phone service language,,"service_language (organization, language)",phoneServiceLanguage,phone_service_language,phone_number service_language,Service language is English.,service_language is English,"['Oracle', 'English']","['Westfield Group', 'English']","['The Island Def Jam Music Group', 'English']"
165,/sports/sports_position/players./american_football/football_historical_roster_position/position_s,historical roster position,,American football position: position played by player,footballPosition,/sports/football_position/played_as,/sports/sports_position/players./american_football/football_historical_roster_position/position_s,positioned as,historical roster position,"['linebacker', 'punter']","['running back', 'defensive back']","['defensive end', 'fullback']"
166,/media_common/netflix_genre/titles,films with this genre,P136_inv,genreOfFilm,P3450,P4951,"Titles categorized under Netflix genres: psychological thriller Hannibal, political drama The Insider, historical drama Greystoke: The Legend of Tarzan Lord of the Apes, mystery fiction The Gift, slapstick Deuce Bigalow: European Gigolo, fantasy Stardust, political drama Born on the Fourth of July, cartoon Freakazoid!, drama film Heaven's Gate.",The Netflix genre titles in the category of suspense include Laura.,Titles on Netflix in the genre of television include Rome.,"['psychological thriller', 'Hannibal']","['political drama', 'The Insider']","['historical drama', 'Greystoke: The Legend of Tarzan, Lord of the Apes']"
167,/people/person/spouse_s./people/marriage/spouse,spouse,P264,married to,/spouse,P26,spouse,spouse of married person,spouse of,"['Eric Stoltz', 'Ally Sheedy']","['Kelly Preston', 'John Travolta']","['Dennis Quaid', 'Meg Ryan']"
168,/people/cause_of_death/people,notable people died in this manner,P509_inv,causeOfDeathBy,hasCauseOfDeath,causeOfDeath,people died from different causes,people who died from various causes,people cause of death people,"['handgun', 'Nicholas II of Russia']","['lymphoma', 'John Hartford']","['respiratory failure', 'Tupac Shakur']"
169,/organization/organization_founder/organizations_founded,founder of,P112_inv,foundedBy,foundedBy,founderOf,founded organizations,founded organizations,founded organizations,"['John Dewey', 'University of Chicago']","['Dwight D. Eisenhower', 'Central Intelligence Agency']","['United Kingdom', 'Council of Europe']"
170,/government/government_office_category/officeholders./government/government_position_held/jurisdiction_of_office,governments with this position,,government_position_held_jurisdiction,P131,government_position_jurisdiction,jurisdiction_of_office,jurisdiction of office,jurisdiction_of_office.,"['prime minister', 'Morocco']","['finance minister', 'Iceland']","['mayor', 'Philadelphia']"
171,/tv/tv_program/languages,language of tv program,P407,language spoken in,language spoken in,language spoken (P2936),tv_program is in English,"tv_program uses_languages English, Japanese, Dutch","(tv_program, languages, English)","['ASAP', 'Filipino']","['Phineas and Ferb', 'English']","['30 Rock', 'English']"
172,/base/popstra/location/vacationers./base/popstra/vacation_choice/vacationer,vacationers,,vacationChoiceVacationer,vacationer's vacation choice,vacationerLocatedIn,vacationers choose vacationer,vacationer prefers vacationing at certain locations,vacationers vacation_choice vacationer,"['Turks and Caicos Islands', 'Ashton Kutcher']","['Fiji', 'Tom Cruise']","['Maui', 'Queen Latifah']"
173,/influence/influence_node/influenced_by,influenced by,P737,/P737,influencedBy,influencedBy,influenced_by,influenced by,influenced by,"['Steve Miller Band', 'Chuck Berry']","['Jacques Lacan', 'James Joyce']","['Haruki Murakami', 'David Lynch']"
174,/location/country/second_level_divisions,contains location,P131_inv,located_in,located_in??????country_and_subdivisions,hasSecondLevelDivision,Second-level divisions of countries,Second level divisions of countries,Countries have second level divisions such as counties or provinces.,"['United States of America', 'Lake County']","['United States of America', 'Stark County']","['United States of America', 'Outagamie County']"
175,/sports/sport/pro_athletes./sports/pro_sports_played/athlete,notable athelets,,/sports/pro_athlete/sport played,/pro_athletes/pro_sports_played,/pro_sports_played,Professional athletes who have played in various professional sports.,professional athletes in a sport,Pro athletes played in pro sports.,"['American football', 'Jackie Robinson']","['association football', 'Landon Donovan']","['association football', 'Jade North']"
176,/government/legislative_session/members./government/government_position_held/district_represented,includes representatives from,,legislative_session/members/government_position_held_district_represented,/distric_representedBy,legislative_session/members/district_represented,District represented by members in legislative sessions.,District represented by,district_represented in /government/legislative_session/members./government/government_position_held,"['94th United States Congress', 'Hawaii']","['103rd United States Congress', 'Pennsylvania']","['106th United States Congress', 'Indiana']"
177,/olympics/olympic_sport/athletes./olympics/olympic_athlete_affiliation/olympics,sport featured in,,/P710,/olympics/athlete_affiliation,P577,athletes affiliated with Olympics,Athletes participated in Olympics.,olympic_sport affiliated with Olympics,"['eventing', '2000 Summer Olympics']","['freestyle wrestling', '1988 Summer Olympics']","['show jumping', '1980 Summer Olympics']"
178,/medicine/disease/risk_factors,risk factor,,hasRiskFactor,risk_factors,HasRiskFactor,"Risk factors for diseases include diabetes, Filipino Americans, obesity, tobacco use disorder, old age, Asian people, and poverty.",risk factors for disease,Medicine disease risk factors.,"['pharyngitis', 'diabetes']","['asthma', 'Filipino Americans']","['sinusitis', 'diabetes']"
179,/award/award_ceremony/awards_presented./award/award_honor/award_winner,award winners,P1346 or P166_inv,/award/award_winner,awardsPresentedWinner,/awardsPresented/Winner,Awards Presented to Award Winners,Award Winner at Awards Presented at Award Ceremony,award_winner at awards_presented.,"['14th Academy Awards', 'Jerome Kern']","['56th Golden Globe Awards', 'Jack Nicholson']","['Satellite Awards 2006', 'Willie D. Burton']"
180,/american_football/football_team/current_roster./sports/sports_team_roster/position,position currently played on american football team,,hasPosition,current_roster_position,/roster/position,current roster position,current roster position,current roster position,"['Indianapolis Colts', 'linebacker']","['Tampa Bay Buccaneers', 'punter']","['Dallas Cowboys', 'running back']"
181,/music/artist/contribution./music/recording_contribution/performance_role,musical performance role,,performanceRole,/performance_role,/performance_role,performance role,/performance_role/lead_vocalist,/music/artist/contribution./music/recording_contribution/performance_role,"['Chris Cornell', 'lead vocalist']","['Steve Winwood', 'synthesizer']","['John Coltrane', 'tenor saxophone']"
182,/education/educational_institution/campuses,has campus,P527,hasCampus,hasCampus,hasCampus,/education/educational_institution/campuses,/education/educational_institution/campuses,has campuses at,"['Sidney Sussex College', 'Sidney Sussex College']","['San Diego State University', 'San Diego State University']","['Conservatoire de Paris', 'Conservatoire de Paris']"
183,/location/country/form_of_government,basic form of government,P122,government_form,government_type,government_form,form_of_government,form_of_government: republic,has governmental system,"['Israel', 'parliamentary system']","['North Korea', 'unitary state']","['Netherlands', 'unitary state']"
184,/base/marchmadness/ncaa_basketball_tournament/seeds./base/marchmadness/ncaa_tournament_seed/team,participating teams,P1923,P710 /base/marchmadness/ncaa_tournament_seed/team,P710 /base/marchmadness/ncaa_tournament_seed/team,P710 /base/marchmadness/ncaa_basketball_tournament/seeds./base/marchmadness/ncaa_tournament_seed/team,tournament seed team,seeded in,NCAA tournament seed team.,"[""2002 NCAA Division I men's basketball tournament"", ""UCLA Bruins men's basketball""]","[""1988 NCAA Division I men's basketball tournament"", ""Arizona Wildcats men's basketball""]","[""1992 NCAA Division I men's basketball tournament"", ""Syracuse Orange men's basketball""]"
185,/education/field_of_study/students_majoring./education/education/major_field_of_study,studied in,P2579,P921,P921,P2790,/studying/subjects.,/students_majoring./major_field_of_study,students majoring in.,"['psychology', 'economics']","['chemistry', 'geology']","['law', 'human rights']"
186,/people/person/nationality,country of citizenship,P27,country of citizenship,instance of (P31),country of citizenship,Nationality is United States of America for all listed individuals.,nationality is Republic of Ireland,nationality is United States of America for Edgar Allan Poe,"['Richard Thorpe', 'United States of America']","['John Riggi', 'United States of America']","['Michael Pitt', 'United States of America']"
187,/film/film/release_date_s./film/film_regional_release_date/film_release_distribution_medium,distribution medium,,/film/film/distribution_medium,distributionMedium,distributionMedium,DVD distribution,is released as DVD.,film_release_distribution_medium,"['Never Say Never Again', 'DVD']","['Midnight in Paris', 'DVD']","['Ghostbusters', 'DVD']"
188,/film/film/film_format,film format,,filmFormat,filmFormatOf,filmFormat,"film_format is 35 mm film for Red Cliff, Mildred Pierce, Iron Sky, Pirate Radio, Election, Days of Heaven, and Heat. film_format is Super 35 for I, Robot and Hotel Rwanda.","film_format: Super 35, 35 mm film",film_format is 35 mm film,"['I, Robot', 'Super 35']","['Red Cliff', '35 mm film']","['Mildred Pierce', '35 mm film']"
189,/soccer/football_player/current_team./sports/sports_team_roster/team,current member of sports team,P54,current team of,P54,/soccer/player/currentTeam,current_team of soccer/football_player in sports_team_roster.,plays for team,current team.,"['Alou Diarra', 'Olympique de Marseille']","['Marc Joseph', 'Peterborough United F.C.']","['Chris Wood', 'New Zealand national football team']"
190,/government/politician/government_positions_held./government/government_position_held/legislative_sessions,parliamentary term,P2937,legislative_sessions,legislative_session,legislative_sessions,/government/politician/government_positions_held./government/government_position_held/legislative_sessions,/government/politician/legislative_sessions,/government/politician/legislative_sessions,"['Ron Paul', '110th United States Congress']","['Daniel Inouye', '96th United States Congress']","['Robert Byrd', '96th United States Congress']"
191,/film/film/cinematography,cinematography,,P3448,P1040,filmCinematography,Cinematography by.,/cinematography Directed By,/film/film/cinematography - cinematography by (name of cinematographer),"['L.A. Confidential', 'Dante Spinotti']","['Jurassic Park', 'Dean Cundey']","['Gone with the Wind', 'Ernest Haller']"
192,/people/deceased_person/place_of_burial,place of burial,P119,placeOfBurial,/place/burial_place,place_of_burial,burial location,/place_of_burial,(place_of_burial),"['Richard Thorpe', 'Pacific Ocean']","['William H. Daniels', 'Forest Lawn Memorial Park']","['Harold Pinter', 'Kensal Green Cemetery']"
193,/base/aareas/schema/administrative_area/administrative_parent,location,P131,has administrative parent,instance of (P31),instance of (P31),is part of,is a administrative area within,is part of,"['Albania', 'Earth']","['Autonomous Republic of Crimea', 'Ukraine']","['North Rhine-Westphalia', 'Germany']"
194,/music/genre/parent_genre,subgenre of,P279,instance of,instance of,hasParentGenre,parent genre of soul jazz is hard bop,is a subgenre of,(parent genre),"['soul jazz', 'hard bop']","['folktronica', 'folk rock']","['quiet storm', 'contemporary R&B']"
195,/sports/sports_league_draft/picks./sports/sports_league_draft_pick/school,draft pick includes ,,/sports/sports_league_draft_pick/school,/sports/drafted_from_school,/sports/drafted_from,/sports/sports_league_draft/picks./sports/sports_league_draft_pick/school,/sports/sports_league_draft_pick/school,/sports/sports_league_draft/picks./sports/sports_league_draft_pick/school,"['2005 Major League Baseball draft', 'California State University, Long Beach']","['2007 NBA draft', 'University of North Carolina at Chapel Hill']","['2004 NFL Draft', 'Western Michigan University']"
196,/location/statistical_region/religions./location/religion_percentage/religion,religion,P140,/location/religion_percentage/religion,/religionPercentage,religionPercentage,religion_percentage/religion,Religion percentage in a statistical region.,religion_percentage/religion,"['Germany', 'Catholicism']","['New Zealand', 'New Age']","['Virginia', 'Churches of Christ']"
197,/location/location/time_zones,located in time zone,P421,P421: time zone in location,P5859,P625,timezone of Worcester is Eastern Time Zone,time zone of corresponds to.,/time_zones in Eastern Time Zone,"['Worcester', 'Eastern Time Zone']","['Leipzig', 'Central European Time']","['New Brunswick', 'Eastern Time Zone']"
198,/olympics/olympic_participating_country/medals_won./olympics/olympic_medal_honor/olympics,participated in,P710_inv,/olympics/olympic_participating_country/medals_won/olympics,OlympicMedalHonor,P31/P166/P1441,olympic medal honor,/olympics/olympic_participating_country/medals_won,Olympic participating country medals won Olympic medal honor Olympics,"['Norway', '2002 Winter Olympics']","['Italy', '1960 Winter Olympics']","['South Africa', '1996 Summer Olympics']"
199,/film/film_distributor/films_distributed./film/film_film_distributor_relationship/film,distributor of,P750_inv,distributor_films_distributed,distributedBy,P2298,/film/film_distributor/films_distributed./film/film_film_distributor_relationship/film,films distributed.,film distributor films distributed,"['20th Century Studios', 'Hello, Dolly!']","['Paramount Pictures', 'Coach Carter']","['Focus Features', 'Taking Woodstock']"
200,/film/film/dubbing_performances./film/dubbing_performance/actor,voice actor,P725,dubbingActor,dubbing_performed_by,/film/dubbing_actor,/film/film/dubbing_performances./film/dubbing_performance/actor,/film/film/dubbing_performances./film/dubbing_performance/actor,film dubbing performance actor,"['Porco Rosso', 'Dee Bradley Baker']","['Ponyo', 'Mona Marshall']","['Naruto the Movie: Legend of the Stone of Gelel', 'Steve Blum']"
201,/organization/organization/headquarters./location/mailing_address/citytown,headquarters citytown,P159,locatedInCityTown,/located_in,headquartersCityTown,Headquarters city/town.,/organization/organization/headquarters./location/mailing_address/citytown,/headquarters./location/mailing_address/citytown,"['MIT Sloan School of Management', 'Cambridge']","['Toronto Metropolitan University', 'Toronto']","['History', 'New York City']"
202,/sports/pro_athlete/teams./sports/sports_team_roster/team,member of sports team,P54,P54,teamContractedAthlete,wdt:P54,Plays for team,(sports team's roster),plays for team,"['Stephen Jackson', 'Brooklyn Nets']","['Taiwo Atieno', 'Stevenage F.C.']","['Gary Sheffield', 'Los Angeles Dodgers']"
203,/education/university/local_tuition./measurement_unit/dated_money_value/currency,local tuition currency,P38,P2964,P2139,P2998,/local_tuition./measurement_unit/dated_money_value/currency,local tuition measured in United States dollar,/local_tuition./measurement_unit/dated_money_value/currency,"['Virginia Union University', 'United States dollar']","['Washington & Jefferson College', 'United States dollar']","['University of Colorado Boulder', 'United States dollar']"
204,/music/record_label/artist,artist signed to this record label,P264,artistLabel,music/record_label/artist,artistRecordLabel,(artist is signed to record label),Artist associated with record label.,Record label artist.,"['Bad Boy Records', 'Lil Jon']","['Warner Records Inc.', 'Prince']","['Vanguard Records', 'Linda Ronstadt']"
205,/business/job_title/people_with_this_title./business/employment_tenure/company,companies with this job,,P725,/work/job_title/company,/pers/job_title/company,employment_tenure_company,employment_tenure.,work for,"['head coach', 'FC Bayern Munich']","['president', 'Morgan Stanley']","['vice president', 'Gannett']"
206,/music/instrument/family,subclass of,P279,instance of musical instrument family (P1308),subclass of,instance of musical instrument family,belongs to the percussion instrument family,instrument family of electronic keyboard,Instrument belongs to a family.,"['bongo drum', 'percussion instrument']","['guitar', 'plucked string instrument']","['melodica', 'woodwind instrument']"
207,/user/alexander/philosophy/philosopher/interests,field of work,P101,interests in,interests in,hasInterestIn,Interests in various philosophical fields,philosopher interests in epistemology,interests in logic,"['Leo Strauss', 'politics']","['Richard Rorty', 'philosophy of mind']","['Immanuel Kant', 'epistemology']"
208,/location/statistical_region/gdp_real./measurement_unit/adjusted_money_value/adjustment_currency,gdp real currency,P38,gdpRealAdjustedCurrency,P2131,P2130,"/	location/statistical_region/gdp_real./measurement_unit/adjusted_money_value/adjustment_currency",adjusted in United States dollar,adjusted_currency is United States dollar,"['Turkmenistan', 'United States dollar']","['Zambia', 'United States dollar']","['Cyprus', 'United States dollar']"
209,/tv/non_character_role/tv_regular_personal_appearances./tv/tv_regular_personal_appearance/person,notable people of this tv appearance  ,,P1545,P793:tv_regular_personal_appearance_person,/tv/personal_appearance/person,regular appearances by person in TV show,tv regular personal appearances person.,regular personal appearances on TV.,"['contestant', ""Lil' Kim""]","['contestant', 'Nicole Scherzinger']","['contestant', 'Buzz Aldrin']"
210,/location/hud_county_place/county,county seat of,,P131,countyLocatedIn,Located_in_county,county location in ___,county of,county of,"['Tempe', 'Maricopa County']","['Decatur', 'DeKalb County']","['Ocala', 'Marion County']"
211,/government/politician/government_positions_held./government/government_position_held/basic_title,government position held,P39,P39,officialTitle,governmentPositionHeld:basicTitle,"(George Washington, basic_title, president)",/government/government_position_held/basic_title,/president,"['Winston Churchill', 'member of parliament']","['James Monroe', 'secretary of state']","['William Howard Taft', 'governor']"
212,/base/schemastaging/organization_extra/phone_number./base/schemastaging/phone_sandbox/contact_category,phone contact category,,phoneCategory,contact category,phoneContactCategory,phone number contact category,contact category,phone number contact category,"['Elsevier BV', 'sales']","['Ubisoft', 'technical support']","['Electronic Arts', 'customer service']"
213,/people/person/religion,religion or worldview,P140,religion,religion,religion,"(person, follows religion)",/people/person/religion,/people/person/religion - follows religion,"['Taylor Lautner', 'Catholicism']","['Grover Cleveland', 'Presbyterianism']","['Liza Minnelli', 'Episcopal Church']"
214,/education/university/domestic_tuition./measurement_unit/dated_money_value/currency,domestic tuition currency,P38,P2219,P3069,P8567,/domestic_tuition./measurement_unit/dated_money_value/currency,domestic tuition in United States dollars,domestic tuition in currency,"['Stony Brook University', 'United States dollar']","['Fairleigh Dickinson University', 'United States dollar']","['Fairfield University', 'United States dollar']"
215,/award/award_nominee/award_nominations./award/award_nomination/award_nominee,nominated alongside,,/award/nominated_for,/award/nomination_nominee,/award/nominated_for,/award/award_nominee,/award/award_nominee/award_nominations./award/award_nomination/award_nominee,/award/award_nominee/award_nominations./award/award_nomination/award_nominee,"['Martin Freeman', 'Alan Rickman']","['Laura Carmichael', 'David Robb']","['Bob Ludwig', 'Radiohead']"
216,/music/performance_role/regular_performances./music/group_membership/group,played by musical groups,,/musical_group_member,/mu:regularPerformances/gm:memberOf,P463,regularly performs in the group,/music/group_membership/group,is a member of,"['organ', 'Plastic Ono Band']","['guitar', 'Hawkwind']","['drum kit', 'Deep Purple']"
217,/education/university/international_tuition./measurement_unit/dated_money_value/currency,international tuition currency,P38,P2082,/education/university/international_tuition_currency,educationalInstitution:tuitionCurrency,international tuition in pound sterling,international tuition in pound sterling,international tuition measured in dated money value currency.,"['Fitzwilliam College', 'pound sterling']","['Royal College of Music', 'pound sterling']","['Worcester College', 'pound sterling']"
218,/film/film/film_festivals,participated in film festival,P1344,filmFestival,filmFestival.,hasFilmFestival,participated_in,film festivals,/film/film/film_festivals,"['The Duchess', '2008 Toronto International Film Festival']","['13 Assassins', '2010 Toronto International Film Festival']","['A Dangerous Method', '2011 Toronto International Film Festival']"
219,/location/statistical_region/gdp_nominal./measurement_unit/dated_money_value/currency,gdp nominal currency,P38,P2131,/P38,P2131,The GDP nominal currency is United States dollar.,currency for nominal GDP measurements,/location/statistical_region/gdp_nominal_currency,"['San Marino', 'United States dollar']","['Illinois', 'United States dollar']","['United States Virgin Islands', 'United States dollar']"
220,/base/saturdaynightlive/snl_cast_member/seasons./base/saturdaynightlive/snl_season_tenure/cast_members,cast alongside,P161,/saturday_night_live_season_tenure/cast_members,SNL_cast_member_season_tenure_cast_members,SNL_season_tenure_cast_members,SNL cast members throughout seasons,SNL cast members in season tenure,SNL cast member seasons.,"['Fred Armisen', 'Tina Fey']","['Kenan Thompson', 'Andy Samberg']","['Kenan Thompson', 'Bill Hader']"
221,/education/field_of_study/students_majoring./education/education/student,notable people in this field,P01_inv,P802,P802,P802,/education/field_of_study/students_majoring.,.students_majoring./education/education/student,students_majoring.,"['chemistry', 'William Pitt the Younger']","['Italian', 'Samuel Beckett']","['journalism', 'Brad Pitt']"
222,/location/statistical_region/gni_per_capita_in_ppp_dollars./measurement_unit/dated_money_value/currency,gni per capita in ppp dollars currency,P38,P2131,P2131,P2131,GNI per capita in PPP dollars with currency United States dollar,/gni_per_capita_in_ppp_dollars./measurement_unit/dated_money_value/currency,GNI per capita in PPP dollars currency,"['Argentina', 'United States dollar']","['United Kingdom', 'United States dollar']","['East Timor', 'United States dollar']"
223,/base/localfood/seasonal_month/produce_available./base/localfood/produce_availability/seasonal_months,seasonal months,,P8075,/localfood/seasonal_availability_months,P5597,produce_available in seasonal months,produce_available during seasonal_months,produce_available in April_prompts_May,"['August', 'May']","['July', 'June']","['June', 'April']"
224,/film/film_subject/films,main subject of film,P921_inv,subject films,instance/subject of,instance of,Films with subjects,"films about Sicilian Mafia, aviation, television, the Holocaust, trains, chess, feminism, World War I, pedophilia and aviation",films about various subjects,"['1924 Summer Olympics', 'Chariots of Fire']","['lesbian', '8 Women']","['serial killer', 'Frenzy']"
225,/soccer/football_team/current_roster./sports/sports_team_roster/position,position currenlty played on football team,,/sports/football_position/team,/soccer/position,current_roster_position,current roster position for,current roster position,current roster position,"['Football Club Molenbeek Brussels Strombeek', 'midfielder']","['AEK Larnaca F.C.', 'forward']","['El Salvador national football team', 'defender']"
226,/location/location/partially_contains,partially coincident with,P1382,hasPartialLocation,hasPartialLocation,contains??????,partially contains,partially contains,partially contains,"['Maryland', 'Blue Ridge Mountains']","['North America', 'United States of America']","['Croatia', 'Danube']"
227,/celebrities/celebrity/sexual_relationships./celebrities/romantic_relationship/celebrity,sexual relationships,,P200.weoo,P31: Q7823184,/celebrities/romantic_partner,is in romantic relationship with,celebrity had romantic relationship with celebrity,romantic_relationships,"['Stevie Nicks', 'Joe Walsh']","['Dennis Rodman', 'Madonna']","['Nicole Kidman', 'Lenny Kravitz']"
228,/people/person/spouse_s./people/marriage/location_of_ceremony,place of marriage,P2842,locationOfMarriageCeremony,locationOfMarriageCeremony,locationOfCeremony,location of marriage ceremony,/location_of_ceremony.,location of marriage ceremony,"['John Lennon', 'Gibraltar']","['Joan Crawford', 'Ventura County']","['Amanda Peet', 'New York City']"
229,/base/culturalevent/event/entity_involved,participant,P710,participant,involved in,wikidata_property:involved_entity,involved in,involved in,involved in,"['Second Sino-Japanese War', 'Empire of Japan']","['Peninsular War', 'Enlightenment in Spain']","[""Hundred Years' War"", 'Kingdom of England']"
230,/organization/organization_member/member_of./organization/organization_membership/organization,member of organization,P463,organizationMembershipOrganization,instanceOfOrganizationMembershipOrganization,memberOfOrganizationMembershipOrganization,/member_of./organization/organization_membership/organization,member of organization.,is a member of,"['Antigua and Barbuda', 'World Bank']","['Albania', 'World Bank']","['Togo', 'African Development Bank']"
231,/base/locations/continents/countries_within,countries within this continent,P30_inv,countryWithin,locatedIn,P131,Countries within each continent.,"Countries within Europe are Austria, Spain.",countries within,"['Asia', 'Bahrain']","['Europe', 'Netherlands']","['Europe', 'Sweden']"
232,/location/country/official_language,official language,P37,officialLanguage,officialLanguageOf,officialLanguage,Country's official language.,Official language of the country.,Official language of the country.,"['Honduras', 'Spanish']","['Malta', 'English']","['Jordan', 'Arabic']"
233,/film/film/production_companies,production company,P272,productionCompany,produced by,producedBy,Production companies of films,Production companies for films,"""Film is produced by production company""","[""Monster's Ball"", 'Lionsgate']","['The Fast and the Furious: Tokyo Drift', 'Relativity Media']","[""Ocean's Twelve"", 'Warner Bros.']"
234,/base/schemastaging/person_extra/net_worth./measurement_unit/dated_money_value/currency,networth currency,P38,P2725,P2130:USD,net_worth.currency:USD,is in United States dollar,has net worth in.,Net worth is measured in United States dollars.,"['Kathy Griffin', 'United States dollar']","['T-Pain', 'United States dollar']","['Serj Tankian', 'United States dollar']"
235,/medicine/disease/notable_people_with_this_condition,notable people with this medical condition,P1050_inv,hasNotablePerson,hasNotablePerson,hasNotablePerson,notable_people_with_this_condition,Famous people with breast cancer,notable_people_with_this_condition,"[""Alzheimer's disease"", 'Glen Campbell']","['bipolar disorder', 'Frank Sinatra']","['multiple sclerosis', 'Bryan Forbes']"
236,/film/person_or_entity_appearing_in_film/films./film/personal_film_appearance/type_of_appearance,film appearance,,P1951,/film/personal_film_appearance_type,P31:Q44417428,personal appearance in interview,interview appearance,/personal_film_appearance/type_of_appearance,"['Ronnie Wood', 'interview']","['Mia Farrow', 'interview']","['Liv Ullmann', 'interview']"
